{
	"flycam": {
		"cam": {
			"pos": [
				-228.69436645507813,
				-180.84494018554688,
				114.12680053710938
			],
			"rot_aer": [
				-2.82905912399292,
				-0.10786324739456177,
				0.0
			],
			"mode": "PERSPECTIVE",
			"clip_near": 0.03125,
			"clip_far": 8192.0,
			"vfov": 1.2217304706573486,
			"ortho_vsize": 10.0
		},
		"base_speed": 27.568737030029297,
		"max_speed": 1000000.0,
		"speedup_factor": 2.0,
		"fast_multiplier": 4.0
	},
	"player": {
		"pos": [
			-233.3016357421875,
			-216.5110321044922,
			115.0000991821289
		],
		"vel": [
			0.0,
			0.0,
			0.0
		],
		"rot_ae": [
			1.7153165340423584,
			-0.29775261878967285
		],
		"third_person": false
	},
	"activate_flycam": true,
	"chunks": {
		"load_radius": 500.0,
		"unload_hyster": 0.0,
		"mesh_world_border": false,
		"visualize_chunks": false,
		"visualize_subchunks": false,
		"visualize_radius": true,
		"debug_frustrum_culling": false
	}
}