{
	"flycam": {
		"cam": {
			"pos": [
				-45.755714416503906,
				-35.65961456298828,
				49.72223663330078
			],
			"rot_aer": [
				-0.8209946155548096,
				-0.3253291845321655,
				0.0
			],
			"mode": "PERSPECTIVE",
			"clip_near": 0.03125,
			"clip_far": 8192.0,
			"vfov": 1.2217304706573486,
			"ortho_vsize": 10.0
		},
		"base_speed": 36.37715530395508,
		"max_speed": 1000000.0,
		"speedup_factor": 2.0,
		"fast_multiplier": 4.0
	},
	"activate_flycam": false,
	"chunks": {
		"load_radius": 400.0,
		"unload_hyster": 0.0,
		"mesh_world_border": false,
		"visualize_chunks": true,
		"visualize_subchunks": false,
		"visualize_radius": true,
		"debug_frustrum_culling": false
	}
}