{
	"flycam": {
		"cam": {
			"pos": [
				-83.80508422851563,
				568.861572265625,
				121.8610610961914
			],
			"rot_aer": [
				1.6345531940460205,
				0.12703430652618408,
				0.0
			],
			"mode": "PERSPECTIVE",
			"clip_near": 0.03125,
			"clip_far": 8192.0,
			"vfov": 1.2217304706573486,
			"ortho_vsize": 10.0
		},
		"base_speed": 51.44504928588867,
		"max_speed": 1000000.0,
		"speedup_factor": 2.0,
		"fast_multiplier": 4.0
	},
	"player": {
		"pos": [
			-71.97393035888672,
			515.7866821289063,
			88.0000991821289
		],
		"vel": [
			0.0,
			0.0,
			0.0
		],
		"rot_ae": [
			-2.2026267051696777,
			-0.373634397983551
		],
		"third_person": false
	},
	"activate_flycam": true,
	"chunks": {
		"load_radius": 452.0,
		"unload_hyster": 0.0,
		"mesh_world_border": true,
		"visualize_chunks": false,
		"visualize_subchunks": false,
		"visualize_radius": true,
		"debug_frustrum_culling": false
	}
}