{
	"flycam": {
		"cam": {
			"pos": [
				58.09585952758789,
				93.25775909423828,
				30.74760627746582
			],
			"rot_aer": [
				1.9130985736846924,
				0.146266907453537,
				0.0
			],
			"mode": "PERSPECTIVE",
			"clip_near": 0.03125,
			"clip_far": 8192.0,
			"vfov": 1.2217304706573486,
			"ortho_vsize": 10.0
		},
		"base_speed": 27.568737030029297,
		"max_speed": 1000000.0,
		"speedup_factor": 2.0,
		"fast_multiplier": 4.0
	},
	"player": {
		"pos": [
			53.10491180419922,
			89.66188049316406,
			27.000099182128906
		],
		"vel": [
			0.0,
			0.0,
			0.0
		],
		"rot_ae": [
			1.7153165340423584,
			-0.29775261878967285
		],
		"third_person": false
	},
	"activate_flycam": true,
	"chunks": {
		"load_radius": 606.0,
		"unload_hyster": 0.0,
		"mesh_world_border": false,
		"visualize_chunks": false,
		"visualize_subchunks": false,
		"visualize_radius": true,
		"debug_frustrum_culling": false
	}
}