{
	"flycam": {
		"cam": {
			"pos": [
				-436.76092529296875,
				195.89089965820313,
				508.72174072265625
			],
			"rot_aer": [
				-1.7789549827575684,
				-0.8799862861633301,
				0.0
			],
			"mode": "PERSPECTIVE",
			"clip_near": 0.03125,
			"clip_far": 8192.0,
			"vfov": 1.2217304706573486,
			"ortho_vsize": 10.0
		},
		"base_speed": 67.88213348388672,
		"max_speed": 1000000.0,
		"speedup_factor": 2.0,
		"fast_multiplier": 4.0
	},
	"player": {
		"pos": [
			53.10491180419922,
			89.66188049316406,
			26.000099182128906
		],
		"vel": [
			0.0,
			0.0,
			0.0
		],
		"rot_ae": [
			1.7153165340423584,
			-0.29775261878967285
		],
		"third_person": false
	},
	"activate_flycam": true,
	"chunks": {
		"load_radius": 380.0,
		"unload_hyster": 0.0,
		"mesh_world_border": false,
		"visualize_chunks": true,
		"visualize_subchunks": false,
		"visualize_radius": true,
		"debug_frustrum_culling": false
	}
}