{
	"world_gen": {
		"seed_str": "test"
	},
	"chunks": {
		"load_radius": 511.0,
		"unload_hyster": 0.0,
		"mesh_world_border": true,
		"visualize_chunks": false,
		"visualize_subchunks": false,
		"visualize_radius": true,
		"debug_frustrum_culling": false
	},
	"flycam": {
		"cam": {
			"pos": [
				-42.466468811035156,
				1125.489013671875,
				370.22845458984375
			],
			"rot_aer": [
				2.7941954135894775,
				-0.27891412377357483,
				0.0
			],
			"mode": "PERSPECTIVE",
			"clip_near": 0.03125,
			"clip_far": 8192.0,
			"vfov": 1.2217304706573486,
			"ortho_vsize": 10.0
		},
		"base_speed": 11.196395874023438,
		"max_speed": 1000000.0,
		"speedup_factor": 2.0,
		"fast_multiplier": 4.0
	},
	"player": {
		"pos": [
			-47.936405181884766,
			1109.7933349609375,
			350.0000915527344
		],
		"vel": [
			0.0,
			0.0,
			0.0
		],
		"rot_ae": [
			1.246143102645874,
			0.11017097532749176
		],
		"third_person": false
	},
	"activate_flycam": true
}