{
	"flycam": {
		"cam": {
			"pos": [
				8.011316299438477,
				-173.34620666503906,
				244.1531524658203
			],
			"rot_aer": [
				0.0035283565521240234,
				-1.4419915676116943,
				0.0
			],
			"mode": "PERSPECTIVE",
			"clip_near": 0.03125,
			"clip_far": 8192.0,
			"vfov": 1.2217304706573486,
			"ortho_vsize": 10.0
		},
		"base_speed": 59.0948371887207,
		"max_speed": 1000000.0,
		"speedup_factor": 2.0,
		"fast_multiplier": 4.0
	},
	"player": {
		"pos": [
			33.247684478759766,
			-105.53121185302734,
			44.000099182128906
		],
		"vel": [
			0.0,
			0.0,
			0.0
		],
		"rot_ae": [
			0.0,
			-0.1745329201221466
		],
		"third_person": false
	},
	"activate_flycam": true,
	"chunks": {
		"load_radius": 264.0,
		"unload_hyster": 0.0,
		"mesh_world_border": false,
		"visualize_chunks": true,
		"visualize_subchunks": false,
		"visualize_radius": true,
		"debug_frustrum_culling": false
	}
}