{
	"flycam": {
		"cam": {
			"pos": [
				-430.8616027832031,
				-493.0479736328125,
				223.62149047851563
			],
			"rot_aer": [
				-0.6694991588592529,
				-0.303337961435318,
				0.0
			],
			"mode": "PERSPECTIVE",
			"clip_near": 0.03125,
			"clip_far": 8192.0,
			"vfov": 1.2217304706573486,
			"ortho_vsize": 10.0
		},
		"base_speed": 77.97608184814453,
		"max_speed": 1000000.0,
		"speedup_factor": 2.0,
		"fast_multiplier": 4.0
	},
	"activate_flycam": true,
	"chunks": {
		"load_radius": 400.0,
		"unload_hyster": 0.0,
		"mesh_world_border": false,
		"visualize_chunks": true,
		"visualize_subchunks": false,
		"visualize_radius": true,
		"debug_frustrum_culling": false
	}
}