{
	"flycam": {
		"cam": {
			"pos": [
				-15.95644474029541,
				174.09788513183594,
				92.08355712890625
			],
			"rot_aer": [
				0.04993867874145508,
				-1.2684906721115112,
				0.0
			],
			"mode": "PERSPECTIVE",
			"clip_near": 0.03125,
			"clip_far": 8192.0,
			"vfov": 1.2217304706573486,
			"ortho_vsize": 10.0
		},
		"base_speed": 12.861279487609863,
		"max_speed": 1000000.0,
		"speedup_factor": 2.0,
		"fast_multiplier": 4.0
	},
	"player": {
		"pos": [
			35.28999328613281,
			108.27996063232422,
			55.000099182128906
		],
		"vel": [
			0.0,
			0.0,
			0.0
		],
		"rot_ae": [
			0.0,
			-0.1745329201221466
		],
		"third_person": false
	},
	"activate_flycam": true,
	"chunks": {
		"load_radius": 264.0,
		"unload_hyster": 0.0,
		"mesh_world_border": false,
		"visualize_chunks": true,
		"visualize_subchunks": false,
		"visualize_radius": true,
		"debug_frustrum_culling": false
	}
}