{
	"flycam": {
		"cam": {
			"pos": [
				1.9648094177246094,
				391.82928466796875,
				51.58073043823242
			],
			"rot_aer": [
				-0.6549913883209229,
				-0.30334043502807617,
				0.0
			],
			"mode": "PERSPECTIVE",
			"clip_near": 0.03125,
			"clip_far": 8192.0,
			"vfov": 1.2217304706573486,
			"ortho_vsize": 10.0
		},
		"base_speed": 6.89219331741333,
		"max_speed": 1000000.0,
		"speedup_factor": 2.0,
		"fast_multiplier": 4.0
	},
	"player": {
		"pos": [
			4.561574935913086,
			395.7186279296875,
			45.000099182128906
		],
		"vel": [
			0.0,
			0.0,
			0.0
		],
		"rot_ae": [
			-2.2026267051696777,
			-0.373634397983551
		],
		"third_person": false
	},
	"activate_flycam": true,
	"chunks": {
		"load_radius": 167.0,
		"unload_hyster": 0.0,
		"mesh_world_border": true,
		"visualize_chunks": false,
		"visualize_subchunks": false,
		"visualize_radius": true,
		"debug_frustrum_culling": false
	}
}