{
	"flycam": {
		"cam": {
			"pos": [
				1.019830584526062,
				395.3317565917969,
				47.24081039428711
			],
			"rot_aer": [
				-1.1119053363800049,
				-0.041568949818611145,
				0.0
			],
			"mode": "PERSPECTIVE",
			"clip_near": 0.03125,
			"clip_far": 8192.0,
			"vfov": 1.2217304706573486,
			"ortho_vsize": 10.0
		},
		"base_speed": 6.89219331741333,
		"max_speed": 1000000.0,
		"speedup_factor": 2.0,
		"fast_multiplier": 4.0
	},
	"player": {
		"pos": [
			4.561574935913086,
			395.7186279296875,
			45.000099182128906
		],
		"vel": [
			0.0,
			0.0,
			0.0
		],
		"rot_ae": [
			-2.2026267051696777,
			-0.373634397983551
		],
		"third_person": false
	},
	"activate_flycam": true,
	"chunks": {
		"load_radius": 452.0,
		"unload_hyster": 0.0,
		"mesh_world_border": true,
		"visualize_chunks": false,
		"visualize_subchunks": false,
		"visualize_radius": true,
		"debug_frustrum_culling": false
	}
}