{
	"flycam": {
		"cam": {
			"pos": [
				60.30475616455078,
				92.76842498779297,
				33.79277420043945
			],
			"rot_aer": [
				2.065661668777466,
				-0.08830591291189194,
				0.0
			],
			"mode": "PERSPECTIVE",
			"clip_near": 0.03125,
			"clip_far": 8192.0,
			"vfov": 1.2217304706573486,
			"ortho_vsize": 10.0
		},
		"base_speed": 36.37715530395508,
		"max_speed": 1000000.0,
		"speedup_factor": 2.0,
		"fast_multiplier": 4.0
	},
	"player": {
		"pos": [
			53.10491180419922,
			89.66188049316406,
			27.000099182128906
		],
		"vel": [
			0.0,
			0.0,
			0.0
		],
		"rot_ae": [
			1.7153165340423584,
			-0.29775261878967285
		],
		"third_person": false
	},
	"activate_flycam": true,
	"chunks": {
		"load_radius": 380.0,
		"unload_hyster": 0.0,
		"mesh_world_border": true,
		"visualize_chunks": true,
		"visualize_subchunks": false,
		"visualize_radius": true,
		"debug_frustrum_culling": false
	}
}