{
	"flycam": {
		"cam": {
			"pos": [
				112.06258392333984,
				106.07833862304688,
				156.09788513183594
			],
			"rot_aer": [
				-0.8090770244598389,
				-0.6527512669563293,
				0.0
			],
			"mode": "PERSPECTIVE",
			"clip_near": 0.03125,
			"clip_far": 8192.0,
			"vfov": 1.2217304706573486,
			"ortho_vsize": 10.0
		},
		"base_speed": 59.0948371887207,
		"max_speed": 1000000.0,
		"speedup_factor": 2.0,
		"fast_multiplier": 4.0
	},
	"player": {
		"pos": [
			128.22418212890625,
			119.46403503417969,
			135.00010681152344
		],
		"vel": [
			0.0,
			0.0,
			0.0
		],
		"rot_ae": [
			0.0,
			-0.1745329201221466
		],
		"third_person": false
	},
	"activate_flycam": true,
	"chunks": {
		"load_radius": 476.0,
		"unload_hyster": 0.0,
		"mesh_world_border": false,
		"visualize_chunks": true,
		"visualize_subchunks": false,
		"visualize_radius": true,
		"debug_frustrum_culling": false
	}
}