{
	"flycam": {
		"cam": {
			"pos": [
				97.57311248779297,
				110.6867446899414,
				142.53257751464844
			],
			"rot_aer": [
				-0.7507655620574951,
				-0.3497655987739563,
				0.0
			],
			"mode": "PERSPECTIVE",
			"clip_near": 0.03125,
			"clip_far": 8192.0,
			"vfov": 1.2217304706573486,
			"ortho_vsize": 10.0
		},
		"base_speed": 27.568737030029297,
		"max_speed": 1000000.0,
		"speedup_factor": 2.0,
		"fast_multiplier": 4.0
	},
	"player": {
		"pos": [
			130.4001007080078,
			123.0420913696289,
			127.0000991821289
		],
		"vel": [
			0.0,
			0.0,
			0.0
		],
		"rot_ae": [
			0.1685960292816162,
			-0.10611596703529358
		],
		"third_person": false
	},
	"activate_flycam": true,
	"chunks": {
		"load_radius": 325.0,
		"unload_hyster": 0.0,
		"mesh_world_border": false,
		"visualize_chunks": true,
		"visualize_subchunks": false,
		"visualize_radius": true,
		"debug_frustrum_culling": false
	}
}