{
	"base_speed": 19.698293685913086,
	"max_speed": 1000000.0,
	"speedup_factor": 2.0,
	"fast_multiplier": 4.0,
	"pos": [
		29.301456451416016,
		20.383590698242188,
		48.06773376464844
	],
	"rot_aer": [
		0.00734257698059082,
		-1.3854416608810425,
		0.0
	],
	"mode": 0,
	"clip_near": 0.03125,
	"clip_far": 8192.0,
	"vfov": 1.2217304706573486,
	"ortho_vsize": 10.0
}